{"cameraMode":{"drawMode":0,"name":"Shaded","section":"Shading Mode"},"sceneLighting":true,"audioPlay":false,"sceneViewState":{"m_AlwaysRefresh":false,"showFog":true,"showSkybox":true,"showFlares":true,"showImageEffects":true,"showParticleSystems":true,"showVisualEffectGraphs":true,"m_FxEnabled":true},"in2DMode":false,"pivot":{"x":-5.779449462890625,"y":-12.610757827758789,"z":-11.342691421508789},"rotation":{"x":0.18326789140701295,"y":0.8072254657745361,"z":-0.32194846868515017,"w":0.45951080322265627},"size":32.43870162963867,"orthographic":false}