{"cameraMode":{"drawMode":0,"name":"Shaded","section":"Shading Mode"},"sceneLighting":true,"audioPlay":false,"sceneViewState":{"m_AlwaysRefresh":false,"showFog":true,"showSkybox":true,"showFlares":true,"showImageEffects":true,"showParticleSystems":true,"showVisualEffectGraphs":true,"m_FxEnabled":true},"in2DMode":false,"pivot":{"x":1.952683448791504,"y":-1.331338882446289,"z":-19.024917602539064},"rotation":{"x":0.057849396020174029,"y":-0.9272066354751587,"z":0.33321258425712588,"w":0.16097372770309449},"size":11.624964714050293,"orthographic":true}