{"cameraMode":{"drawMode":0,"name":"Shaded","section":"Shading Mode"},"sceneLighting":true,"audioPlay":false,"sceneViewState":{"m_AlwaysRefresh":false,"showFog":true,"showSkybox":true,"showFlares":true,"showImageEffects":true,"showParticleSystems":true,"showVisualEffectGraphs":true,"m_FxEnabled":true},"in2DMode":false,"pivot":{"x":3.0480470657348635,"y":1.3666439056396485,"z":-1.0841461420059205},"rotation":{"x":0.08619097620248795,"y":0.7491740584373474,"z":-0.09946936368942261,"w":0.649165153503418},"size":7.262890815734863,"orthographic":false}